Designator,Footprint,Quantity,Value,LCSC Part #
C1,0402,1,4.7uF/10V,C77004
"C10, C11, C15, C16, C4, C5, C7, C9",0402,8,100nF/50V,C77020
"C12, C18, C19, C20",0402,4,100pF/50V,C141051
"C17, C21",0402,2,4.7nF/50V,C1538
"C2, C46, C47, C50, C8",0402,5,1uF/10V,C14445
"C27, C28",0402,2,5.9pF/C0G,C3846240
"C33, C35, C44, C45",0402,4,5.6pF/C0G,C76976
"C36, C43",0402,2,2.2uF/10V,C2997286
"C38, C39, C41, C42, C51, C53, C55, C56, C57",0402,9,100nF/10V,C71687
C40,0402,1,470pF/25V,C541387
"C48, C49, C52, C54",0402,4,10nF/25V,C77013
D1,D_SOD-323F,1,BAT54J,C130415
D4,0603,1,LED/GREEN,C19171301
D5,0603,1,LED/ORANGE,C19171353
"FB1, FB7, FB8",0603,3,BLM18PG471SN1D (470Ω@100MHz),C85834
FL1,1812CAN113NRC,1,1812CAN-113NRC,C391261
"J1, J2",PinHeader_1x02_P2.54mm_Vertical,2,Conn_01x02,C7494857
"J3, J4",JST_PH_B2B-PH-K_1x02_P2.00mm_Vertical,2,S2B-PH-K-S_LF__SN_,C5175230
J5,Molex_PicoBlade_53047-0410_1x04_P1.25mm_Vertical,1,Conn_01x04_Pin,
J6,Molex_PicoBlade_53047-0710_1x07_P1.25mm_Vertical,1,Conn_01x07,
"J8, J9",62202821821,2,62202821821,C5380283
LED1,0603,1,150060GS75000,C19171301
"R1, R11",0402,2,1k,C11702
"R14, R15, R34",0402,3,10k,C25744
"R16, R19, R35, R36, R37, R39, R45, R46, R47, R48",0402,10,33R,C25105
"R17, R18",0402,2,60R4,C60310
"R21, R22, R23, R24, R25, R26, R27, R29, R30",0402,9,22K,C82868
R28,0402,1,1.5K,C25867
R31,0402,1,12.1k 1%,C102786
"R32, R33",0402,2,270R,C100346
"R38, R40, R41, R42",0402,4,49.9 1%,C25120
"R43, R44",0402,2,75 1%,C25133
S1,SW_B3U-1000P,1,B3U-1000P,C231329
TR2,Transformer_Ethernet_Wuerth_749013011A,1,Wuerth_749013011A,C7193798
U1,SOT65P280X145-8N,1,TCAN332GDCNR,C191007
U2,LQFP-64_10x10mm_P0.5mm,1,STM32H563RITx,C20619634
U4,VQFN-24-1EP_4x4mm_P0.5mm_EP2.5x2.5mm_ThermalVias,1,LAN8742A,C621424
"Y4, Y5",Crystal_SMD_2016-4Pin_2.0x1.6mm,2,NX2016SA 25MHz,C843258
Y6,Crystal_SMD_2012-2Pin_2.0x1.2mm_HandSoldering,1,32.768kHz,C500343
