Designator,Mid X,Mid Y,Rotation,Layer
C1,86.86,-44.86,270.0,top
C10,99.3,-32.63,0.0,top
C11,99.87,-45.31,0.0,top
C12,93.19,-44.5324,90.0,bottom
C15,103.6272,-27.4976,180.0,bottom
C16,95.404,-38.5486,0.0,bottom
C17,74.5,-30.43,270.0,bottom
C18,93.19,-42.63,270.0,bottom
C19,101.35,-43.83,90.0,bottom
C2,92.25,-31.95,0.0,top
C20,101.35,-41.9504,270.0,bottom
C21,74.76,-51.34,0.0,bottom
C27,100.0875,-35.59,180.0,bottom
C28,96.36,-33.82,180.0,bottom
C33,89.36,-33.76,270.0,bottom
C35,93.65,-32.35,270.0,bottom
C36,102.87,-33.43,180.0,top
C38,88.0,-43.08,270.0,bottom
C39,94.25,-35.49,90.0,bottom
C4,87.96,-33.81,90.0,top
C40,87.64,-35.37,180.0,bottom
C41,92.71,-40.88,0.0,bottom
C42,88.4,-45.448308,0.0,bottom
C43,86.15,-42.21,180.0,top
C44,96.81,-32.3,90.0,bottom
C45,100.46,-31.85,270.0,bottom
C46,83.708866,-32.42,90.0,bottom
C47,89.085,-43.08,270.0,bottom
C48,84.63,-44.94,90.0,top
C49,85.74,-44.93,90.0,top
C5,92.25,-30.85,0.0,top
C50,87.64,-34.29,180.0,bottom
C51,84.828866,-32.42,90.0,bottom
C52,85.908866,-32.42,90.0,bottom
C53,83.41,-42.32,270.0,top
C54,84.48,-42.33,270.0,top
C55,82.57,-32.62,270.0,top
C56,75.24,-32.85,90.0,top
C57,69.02,-44.52,270.0,top
C7,99.3,-31.57,0.0,top
C8,99.3,-33.65,0.0,top
C9,88.04,-44.86,270.0,top
D1,103.3975,-34.66,180.0,bottom
D4,66.8,-34.34,0.0,top
D5,66.8,-44.58,0.0,top
FB1,89.33,-30.85,0.0,top
FB7,82.328866,-32.11,270.0,bottom
FB8,91.452073,-43.39,90.0,bottom
FL1,97.29,-43.02,180.0,bottom
H1,99.7,-49.2,0.0,top
H2,78.4964,-29.8,0.0,top
J1,72.74,-49.785,0.0,top
J2,72.71,-29.155,0.0,top
J3,68.449999,-29.530411,270.0,top
J4,68.47,-49.51,270.0,top
J5,67.735,-39.43,90.0,top
J6,102.555,-40.27,270.0,top
J8,85.0564,-50.3288,0.0,bottom
J9,93.1464,-28.5602,0.0,bottom
LED1,103.99,-48.03,90.0,top
R1,104.0,-48.02,90.0,bottom
R11,103.17,-28.95,90.0,bottom
R14,104.186,-28.948,90.0,bottom
R15,102.87,-32.35,0.0,top
R16,95.3954,-37.5258,0.0,bottom
R17,74.73,-50.21,180.0,bottom
R18,74.5,-28.39,90.0,bottom
R19,95.39,-39.57,0.0,bottom
R21,85.745,-44.938308,90.0,bottom
R22,92.4,-35.96,0.0,bottom
R23,92.39,-37.21,0.0,bottom
R24,84.63,-44.938308,90.0,bottom
R25,82.475,-44.935808,90.0,bottom
R26,83.545,-44.935808,90.0,bottom
R27,91.69,-39.8175,0.0,bottom
R28,89.145,-40.8875,0.0,bottom
R29,86.805,-42.0875,90.0,bottom
R30,91.72,-38.7175,180.0,bottom
R31,82.8,-34.6,90.0,bottom
R32,66.02,-31.71,270.0,bottom
R33,66.01,-47.16,90.0,bottom
R34,84.64,-34.31,180.0,bottom
R35,83.545,-42.5675,90.0,bottom
R36,82.475,-42.5675,90.0,bottom
R37,84.625,-42.5775,90.0,bottom
R38,71.88,-38.44,90.0,bottom
R39,89.305,-37.205,0.0,bottom
R40,81.71,-35.62,270.0,bottom
R41,80.34,-40.65,180.0,bottom
R42,78.78,-37.73,180.0,bottom
R43,78.95,-45.94,180.0,top
R44,73.62,-45.93,0.0,top
R45,90.06,-35.98,0.0,bottom
R46,89.365,-38.7175,0.0,bottom
R47,89.375,-39.8175,0.0,bottom
R48,85.735,-42.5475,90.0,bottom
S1,103.61,-28.5,270.0,top
TR2,76.28,-39.66,270.0,top
U1,98.5334,-38.5762,180.0,bottom
U2,94.02,-39.46,270.0,top
U4,84.875,-38.235,270.0,bottom
Y4,91.74,-32.57,90.0,bottom
Y5,98.64,-32.07,90.0,bottom
Y6,97.17,-35.59,0.0,bottom
